bls_occupation,bls_year,total_employed_thousands,percent_women,women_share,percent_white,percent_black,percent_asian,percent_hispanic_or_latino,source_url
"Total, 16 years and over",2022,158291.0,46.8,0.46799999999999997,77.0,12.6,6.7,18.5,https://www.bls.gov/cps/aa2022/cpsaat11.htm
"Management,  professional, and related occupations",2022,68099.0,51.5,0.515,77.7,10.2,9.0,10.9,https://www.bls.gov/cps/aa2022/cpsaat11.htm
"Management, business, and financial operations occupations",2022,29350.0,44.8,0.44799999999999995,80.4,9.4,7.3,11.3,https://www.bls.gov/cps/aa2022/cpsaat11.htm
Management occupations,2022,20199.0,40.5,0.405,81.6,9.0,6.6,11.5,https://www.bls.gov/cps/aa2022/cpsaat11.htm
Chief executives,2022,1780.0,29.2,0.292,85.9,5.9,6.7,6.8,https://www.bls.gov/cps/aa2022/cpsaat11.htm
General and operations managers,2022,1165.0,35.4,0.354,82.4,9.1,5.3,11.5,https://www.bls.gov/cps/aa2022/cpsaat11.htm
Advertising and promotions managers,2022,68.0,49.7,0.49700000000000005,80.3,13.8,4.4,8.9,https://www.bls.gov/cps/aa2022/cpsaat11.htm
Marketing managers,2022,656.0,58.9,0.589,83.9,6.8,7.5,11.4,https://www.bls.gov/cps/aa2022/cpsaat11.htm
Sales managers,2022,566.0,34.2,0.342,88.3,5.9,3.5,11.3,https://www.bls.gov/cps/aa2022/cpsaat11.htm
Public relations and fundraising managers,2022,131.0,64.3,0.643,87.4,8.9,2.9,7.5,https://www.bls.gov/cps/aa2022/cpsaat11.htm
Administrative services managers,2022,69.0,78.2,0.782,82.1,9.4,4.8,17.3,https://www.bls.gov/cps/aa2022/cpsaat11.htm
Facilities managers,2022,129.0,19.3,0.193,92.0,6.1,1.1,17.8,https://www.bls.gov/cps/aa2022/cpsaat11.htm
Computer and information systems managers,2022,764.0,26.4,0.264,72.6,7.8,16.5,7.5,https://www.bls.gov/cps/aa2022/cpsaat11.htm
Financial managers,2022,1380.0,55.7,0.557,78.5,9.6,9.3,10.1,https://www.bls.gov/cps/aa2022/cpsaat11.htm
Human resources managers,2022,295.0,72.9,0.7290000000000001,81.5,12.0,4.0,11.6,https://www.bls.gov/cps/aa2022/cpsaat11.htm
Training and development managers,2022,63.0,48.7,0.48700000000000004,86.4,6.2,6.6,4.4,https://www.bls.gov/cps/aa2022/cpsaat11.htm
Industrial production managers,2022,281.0,22.5,0.225,84.0,6.7,6.7,12.9,https://www.bls.gov/cps/aa2022/cpsaat11.htm
Purchasing managers,2022,234.0,45.5,0.455,78.2,11.5,7.5,8.4,https://www.bls.gov/cps/aa2022/cpsaat11.htm
"Transportation, storage, and distribution managers",2022,351.0,22.6,0.226,85.1,8.9,3.4,17.2,https://www.bls.gov/cps/aa2022/cpsaat11.htm
"Farmers, ranchers, and other agricultural managers",2022,946.0,23.9,0.239,94.8,1.5,0.6,6.6,https://www.bls.gov/cps/aa2022/cpsaat11.htm
Construction managers,2022,1057.0,8.5,0.085,89.8,5.3,2.6,16.2,https://www.bls.gov/cps/aa2022/cpsaat11.htm
Education and childcare administrators,2022,988.0,68.1,0.6809999999999999,78.0,16.3,4.0,9.8,https://www.bls.gov/cps/aa2022/cpsaat11.htm
Architectural and engineering managers,2022,202.0,13.3,0.133,76.5,6.7,14.3,9.6,https://www.bls.gov/cps/aa2022/cpsaat11.htm
Food service managers,2022,1153.0,46.3,0.46299999999999997,71.2,13.0,11.2,19.5,https://www.bls.gov/cps/aa2022/cpsaat11.htm
Entertainment and recreation managers,2022,65.0,41.5,0.415,87.4,7.1,1.6,8.6,https://www.bls.gov/cps/aa2022/cpsaat11.htm
Lodging managers,2022,113.0,46.7,0.467,75.4,6.6,12.9,8.4,https://www.bls.gov/cps/aa2022/cpsaat11.htm
Medical and health services managers,2022,797.0,71.6,0.716,74.6,16.0,7.3,9.0,https://www.bls.gov/cps/aa2022/cpsaat11.htm
"Property, real estate, and community association managers",2022,835.0,50.3,0.503,83.1,9.9,4.3,11.0,https://www.bls.gov/cps/aa2022/cpsaat11.htm
Social and community service managers,2022,434.0,70.7,0.7070000000000001,78.1,12.7,4.7,12.8,https://www.bls.gov/cps/aa2022/cpsaat11.htm
"Managers, all other",2022,5557.0,36.1,0.361,80.9,8.9,7.0,12.5,https://www.bls.gov/cps/aa2022/cpsaat11.htm
Business and financial operations occupations,2022,9152.0,54.5,0.545,77.9,10.2,8.9,11.0,https://www.bls.gov/cps/aa2022/cpsaat11.htm
"Wholesale and retail buyers, except farm products",2022,179.0,55.2,0.552,85.2,6.8,3.4,15.2,https://www.bls.gov/cps/aa2022/cpsaat11.htm
"Purchasing agents, except wholesale, retail, and farm products",2022,266.0,55.7,0.557,82.3,7.2,7.4,7.9,https://www.bls.gov/cps/aa2022/cpsaat11.htm
"Claims adjusters, appraisers, examiners, and investigators",2022,365.0,56.8,0.568,75.2,16.0,5.7,13.2,https://www.bls.gov/cps/aa2022/cpsaat11.htm
Compliance officers,2022,294.0,56.8,0.568,76.5,13.7,5.6,16.5,https://www.bls.gov/cps/aa2022/cpsaat11.htm
Cost estimators,2022,140.0,15.9,0.159,91.9,1.1,4.2,9.0,https://www.bls.gov/cps/aa2022/cpsaat11.htm
Human resources workers,2022,936.0,77.2,0.772,77.0,14.0,6.2,16.2,https://www.bls.gov/cps/aa2022/cpsaat11.htm
"Compensation, benefits, and job analysis specialists",2022,65.0,64.5,0.645,52.1,32.0,9.4,16.3,https://www.bls.gov/cps/aa2022/cpsaat11.htm
Training and development specialists,2022,157.0,54.9,0.5489999999999999,78.7,13.2,4.9,13.1,https://www.bls.gov/cps/aa2022/cpsaat11.htm
Logisticians,2022,169.0,43.7,0.43700000000000006,74.0,18.0,5.4,16.3,https://www.bls.gov/cps/aa2022/cpsaat11.htm
Project management specialists,2022,841.0,42.2,0.42200000000000004,78.3,9.0,9.3,7.7,https://www.bls.gov/cps/aa2022/cpsaat11.htm
Management analysts,2022,1045.0,48.2,0.48200000000000004,76.2,8.5,12.6,6.5,https://www.bls.gov/cps/aa2022/cpsaat11.htm
"Meeting, convention, and event planners",2022,159.0,74.5,0.745,78.9,14.0,3.7,12.5,https://www.bls.gov/cps/aa2022/cpsaat11.htm
Fundraisers,2022,76.0,82.9,0.8290000000000001,91.8,0.3,3.9,9.3,https://www.bls.gov/cps/aa2022/cpsaat11.htm
Market research analysts and marketing specialists,2022,455.0,57.9,0.579,79.6,5.8,11.1,9.9,https://www.bls.gov/cps/aa2022/cpsaat11.htm
"Business operations specialists, all other",2022,409.0,59.8,0.598,78.6,10.9,7.0,12.4,https://www.bls.gov/cps/aa2022/cpsaat11.htm
Accountants and auditors,2022,1652.0,58.8,0.588,76.1,9.7,11.7,9.7,https://www.bls.gov/cps/aa2022/cpsaat11.htm
Property appraisers and assessors,2022,100.0,45.5,0.455,92.4,4.2,2.7,7.8,https://www.bls.gov/cps/aa2022/cpsaat11.htm
Credit analysts,2022,51.0,46.3,0.46299999999999997,72.8,6.9,11.3,9.3,https://www.bls.gov/cps/aa2022/cpsaat11.htm
Financial and investment analysts,2022,387.0,40.2,0.402,74.7,8.0,14.2,12.2,https://www.bls.gov/cps/aa2022/cpsaat11.htm
Personal financial advisors,2022,543.0,35.1,0.35100000000000003,82.7,6.3,9.5,8.4,https://www.bls.gov/cps/aa2022/cpsaat11.htm
Insurance underwriters,2022,105.0,65.6,0.6559999999999999,83.5,13.2,2.3,13.0,https://www.bls.gov/cps/aa2022/cpsaat11.htm
Credit counselors and loan officers,2022,391.0,54.8,0.5479999999999999,77.2,12.2,6.1,13.2,https://www.bls.gov/cps/aa2022/cpsaat11.htm
"Tax examiners and collectors, and revenue agents",2022,71.0,57.9,0.579,83.5,9.8,5.8,15.0,https://www.bls.gov/cps/aa2022/cpsaat11.htm
Tax preparers,2022,98.0,61.6,0.616,83.1,6.7,9.2,17.2,https://www.bls.gov/cps/aa2022/cpsaat11.htm
Other financial specialists,2022,87.0,56.6,0.5660000000000001,66.0,14.3,11.7,7.1,https://www.bls.gov/cps/aa2022/cpsaat11.htm
Professional and related occupations,2022,38749.0,56.6,0.5660000000000001,75.7,10.9,10.3,10.6,https://www.bls.gov/cps/aa2022/cpsaat11.htm
Computer and mathematical occupations,2022,6171.0,26.7,0.267,65.1,9.1,22.3,8.6,https://www.bls.gov/cps/aa2022/cpsaat11.htm
Computer systems analysts,2022,501.0,38.7,0.387,68.8,12.7,15.3,9.4,https://www.bls.gov/cps/aa2022/cpsaat11.htm
Information security analysts,2022,178.0,18.0,0.18,76.6,11.6,7.7,11.9,https://www.bls.gov/cps/aa2022/cpsaat11.htm
Computer programmers,2022,457.0,22.1,0.221,69.5,5.5,21.4,8.0,https://www.bls.gov/cps/aa2022/cpsaat11.htm
Software developers,2022,2085.0,21.5,0.215,55.0,5.7,36.4,5.7,https://www.bls.gov/cps/aa2022/cpsaat11.htm
Software quality assurance analysts and testers,2022,83.0,33.0,0.33,67.1,8.0,23.9,12.1,https://www.bls.gov/cps/aa2022/cpsaat11.htm
Web developers,2022,79.0,21.9,0.21899999999999997,80.2,0.8,10.2,20.4,https://www.bls.gov/cps/aa2022/cpsaat11.htm
Web and digital interface designers,2022,89.0,44.5,0.445,79.1,7.2,9.1,9.0,https://www.bls.gov/cps/aa2022/cpsaat11.htm
Computer support specialists,2022,704.0,25.8,0.258,71.2,11.3,12.5,12.9,https://www.bls.gov/cps/aa2022/cpsaat11.htm
Database administrators and architects,2022,137.0,38.8,0.38799999999999996,65.3,7.5,23.6,6.8,https://www.bls.gov/cps/aa2022/cpsaat11.htm
Network and computer systems administrators,2022,217.0,19.8,0.198,75.1,9.5,11.9,9.1,https://www.bls.gov/cps/aa2022/cpsaat11.htm
Computer network architects,2022,98.0,8.6,0.086,65.9,16.9,11.6,8.2,https://www.bls.gov/cps/aa2022/cpsaat11.htm
"Computer occupations, all other",2022,969.0,26.0,0.26,67.9,14.7,14.0,11.1,https://www.bls.gov/cps/aa2022/cpsaat11.htm
Operations research analysts,2022,135.0,51.6,0.516,68.7,17.6,9.2,11.3,https://www.bls.gov/cps/aa2022/cpsaat11.htm
Statisticians,2022,51.0,48.2,0.48200000000000004,56.9,6.4,35.3,2.7,https://www.bls.gov/cps/aa2022/cpsaat11.htm
Other mathematical science occupations,2022,314.0,43.0,0.43,74.1,5.7,17.5,7.0,https://www.bls.gov/cps/aa2022/cpsaat11.htm
Architecture and engineering occupations,2022,3464.0,16.1,0.161,77.3,6.6,13.9,10.3,https://www.bls.gov/cps/aa2022/cpsaat11.htm
"Architects, except landscape and naval",2022,182.0,29.8,0.298,87.7,4.6,7.0,8.3,https://www.bls.gov/cps/aa2022/cpsaat11.htm
Aerospace engineers,2022,173.0,17.4,0.174,80.9,3.8,12.4,9.6,https://www.bls.gov/cps/aa2022/cpsaat11.htm
Chemical engineers,2022,75.0,27.9,0.27899999999999997,70.2,7.8,13.5,7.3,https://www.bls.gov/cps/aa2022/cpsaat11.htm
Civil engineers,2022,482.0,17.1,0.171,76.1,6.5,15.8,12.2,https://www.bls.gov/cps/aa2022/cpsaat11.htm
Computer hardware engineers,2022,90.0,15.7,0.157,53.9,9.3,34.1,7.0,https://www.bls.gov/cps/aa2022/cpsaat11.htm
Electrical and electronics engineers,2022,296.0,8.1,0.081,71.4,6.0,21.5,5.8,https://www.bls.gov/cps/aa2022/cpsaat11.htm
"Industrial engineers, including health and safety",2022,221.0,25.0,0.25,73.5,7.1,16.8,6.1,https://www.bls.gov/cps/aa2022/cpsaat11.htm
Mechanical engineers,2022,403.0,8.5,0.085,79.4,3.6,14.9,11.9,https://www.bls.gov/cps/aa2022/cpsaat11.htm
"Engineers, all other",2022,631.0,14.9,0.149,74.7,7.1,15.2,8.9,https://www.bls.gov/cps/aa2022/cpsaat11.htm
Other drafters,2022,80.0,15.3,0.153,88.2,5.1,6.7,12.6,https://www.bls.gov/cps/aa2022/cpsaat11.htm
Electrical and electronic engineering technologists and technicians,2022,90.0,9.3,0.09300000000000001,74.6,12.6,8.1,17.3,https://www.bls.gov/cps/aa2022/cpsaat11.htm
"Other engineering technologists and technicians, except drafters",2022,374.0,15.0,0.15,76.6,11.0,10.1,13.7,https://www.bls.gov/cps/aa2022/cpsaat11.htm
Surveying and mapping technicians,2022,83.0,11.3,0.113,89.2,8.5,0.0,11.5,https://www.bls.gov/cps/aa2022/cpsaat11.htm
"Life, physical, and social science occupations",2022,1840.0,48.2,0.48200000000000004,73.3,6.1,17.1,8.2,https://www.bls.gov/cps/aa2022/cpsaat11.htm
Biological scientists,2022,110.0,57.9,0.579,80.4,5.7,11.8,3.5,https://www.bls.gov/cps/aa2022/cpsaat11.htm
Medical scientists,2022,147.0,46.5,0.465,47.6,9.3,41.1,4.2,https://www.bls.gov/cps/aa2022/cpsaat11.htm
Chemists and materials scientists,2022,78.0,46.3,0.46299999999999997,67.5,8.3,21.8,9.1,https://www.bls.gov/cps/aa2022/cpsaat11.htm
"Physical scientists, all other",2022,442.0,43.0,0.43,62.6,5.0,29.4,6.4,https://www.bls.gov/cps/aa2022/cpsaat11.htm
Other psychologists,2022,154.0,75.0,0.75,87.3,5.8,3.2,8.1,https://www.bls.gov/cps/aa2022/cpsaat11.htm
Miscellaneous social scientists and related workers,2022,57.0,51.9,0.519,86.4,1.9,8.2,4.9,https://www.bls.gov/cps/aa2022/cpsaat11.htm
Chemical technicians,2022,51.0,35.1,0.35100000000000003,82.7,3.8,9.7,20.1,https://www.bls.gov/cps/aa2022/cpsaat11.htm
"Other life, physical, and social science technicians",2022,320.0,51.9,0.519,75.1,7.8,11.4,9.8,https://www.bls.gov/cps/aa2022/cpsaat11.htm
Occupational health and safety specialists and technicians,2022,79.0,29.2,0.292,78.2,7.6,9.4,18.2,https://www.bls.gov/cps/aa2022/cpsaat11.htm
Community and social service occupations,2022,2945.0,67.2,0.672,73.6,19.3,3.6,14.1,https://www.bls.gov/cps/aa2022/cpsaat11.htm
Substance abuse and behavioral disorder counselors,2022,137.0,70.4,0.7040000000000001,74.6,16.3,3.4,15.9,https://www.bls.gov/cps/aa2022/cpsaat11.htm
"Educational, guidance, and career counselors and advisors",2022,408.0,75.3,0.753,75.4,17.6,3.0,11.4,https://www.bls.gov/cps/aa2022/cpsaat11.htm
Mental health counselors,2022,195.0,74.9,0.7490000000000001,82.4,14.9,1.1,10.6,https://www.bls.gov/cps/aa2022/cpsaat11.htm
"Counselors, all other",2022,248.0,69.9,0.6990000000000001,76.1,19.1,1.6,13.3,https://www.bls.gov/cps/aa2022/cpsaat11.htm
"Child, family, and school social workers",2022,72.0,86.0,0.86,61.3,30.5,6.2,11.1,https://www.bls.gov/cps/aa2022/cpsaat11.htm
Healthcare social workers,2022,89.0,73.6,0.736,69.3,23.5,5.8,13.9,https://www.bls.gov/cps/aa2022/cpsaat11.htm
"Social workers, all other",2022,731.0,81.5,0.815,65.4,27.3,4.2,17.3,https://www.bls.gov/cps/aa2022/cpsaat11.htm
Probation officers and correctional treatment specialists,2022,70.0,53.4,0.534,77.5,21.5,0.6,26.0,https://www.bls.gov/cps/aa2022/cpsaat11.htm
Social and human service assistants,2022,228.0,79.2,0.792,67.8,25.0,1.8,16.9,https://www.bls.gov/cps/aa2022/cpsaat11.htm
Other community and social service specialists,2022,112.0,69.2,0.6920000000000001,70.9,20.4,2.7,21.7,https://www.bls.gov/cps/aa2022/cpsaat11.htm
Clergy,2022,434.0,18.9,0.18899999999999997,79.7,9.9,6.1,10.2,https://www.bls.gov/cps/aa2022/cpsaat11.htm
"Directors, religious activities and education",2022,68.0,62.8,0.628,91.0,7.8,1.1,9.5,https://www.bls.gov/cps/aa2022/cpsaat11.htm
"Religious workers, all other",2022,68.0,67.8,0.6779999999999999,90.4,1.8,4.5,11.8,https://www.bls.gov/cps/aa2022/cpsaat11.htm
Legal occupations,2022,1861.0,52.6,0.526,84.1,8.5,4.9,10.9,https://www.bls.gov/cps/aa2022/cpsaat11.htm
Lawyers,2022,1141.0,38.5,0.385,87.8,6.3,3.8,6.5,https://www.bls.gov/cps/aa2022/cpsaat11.htm
"Judges, magistrates, and other judicial workers",2022,68.0,56.2,0.562,81.3,12.4,6.1,3.3,https://www.bls.gov/cps/aa2022/cpsaat11.htm
Paralegals and legal assistants,2022,445.0,83.2,0.8320000000000001,77.9,12.3,5.7,20.2,https://www.bls.gov/cps/aa2022/cpsaat11.htm
"Title examiners, abstractors, and searchers",2022,104.0,63.7,0.637,74.5,11.9,9.5,15.4,https://www.bls.gov/cps/aa2022/cpsaat11.htm
"Legal support workers, all other",2022,80.0,62.1,0.621,80.2,12.8,6.1,18.8,https://www.bls.gov/cps/aa2022/cpsaat11.htm
"Education, training, and library occupations",2022,9220.0,73.3,0.733,80.4,11.2,5.4,11.7,https://www.bls.gov/cps/aa2022/cpsaat11.htm
Postsecondary teachers,2022,1087.0,48.4,0.484,79.5,7.5,10.8,8.0,https://www.bls.gov/cps/aa2022/cpsaat11.htm
Preschool and kindergarten teachers,2022,645.0,97.4,0.9740000000000001,74.6,16.7,4.1,13.5,https://www.bls.gov/cps/aa2022/cpsaat11.htm
Elementary and middle school teachers,2022,3336.0,79.7,0.797,82.5,11.1,3.9,11.2,https://www.bls.gov/cps/aa2022/cpsaat11.htm
Secondary school teachers,2022,1000.0,58.7,0.5870000000000001,85.8,8.6,3.7,9.8,https://www.bls.gov/cps/aa2022/cpsaat11.htm
Special education teachers,2022,369.0,84.2,0.8420000000000001,84.6,10.8,1.4,9.4,https://www.bls.gov/cps/aa2022/cpsaat11.htm
Tutors,2022,168.0,69.0,0.69,77.2,9.7,9.2,14.8,https://www.bls.gov/cps/aa2022/cpsaat11.htm
Other teachers and instructors,2022,805.0,60.8,0.608,76.5,15.0,4.6,12.5,https://www.bls.gov/cps/aa2022/cpsaat11.htm
"Archivists, curators, and museum technicians",2022,70.0,63.4,0.634,87.6,6.3,0.8,10.0,https://www.bls.gov/cps/aa2022/cpsaat11.htm
Librarians and media collections specialists,2022,168.0,82.2,0.8220000000000001,86.0,4.3,5.1,8.0,https://www.bls.gov/cps/aa2022/cpsaat11.htm
Teaching assistants,2022,1380.0,81.3,0.813,76.1,12.1,8.2,17.2,https://www.bls.gov/cps/aa2022/cpsaat11.htm
Other educational instruction and library workers,2022,155.0,70.3,0.703,74.6,17.7,3.2,11.9,https://www.bls.gov/cps/aa2022/cpsaat11.htm
"Arts, design, entertainment, sports, and media occupations",2022,3441.0,48.8,0.488,82.8,8.3,5.5,12.7,https://www.bls.gov/cps/aa2022/cpsaat11.htm
Artists and related workers,2022,324.0,49.2,0.49200000000000005,83.9,6.1,5.7,14.5,https://www.bls.gov/cps/aa2022/cpsaat11.htm
Floral designers,2022,58.0,90.8,0.9079999999999999,90.0,5.5,1.6,21.5,https://www.bls.gov/cps/aa2022/cpsaat11.htm
Graphic designers,2022,328.0,53.7,0.537,82.0,6.3,7.7,12.9,https://www.bls.gov/cps/aa2022/cpsaat11.htm
Interior designers,2022,125.0,88.5,0.885,87.3,2.1,8.3,11.2,https://www.bls.gov/cps/aa2022/cpsaat11.htm
Other designers,2022,375.0,45.5,0.455,83.0,4.4,10.0,12.3,https://www.bls.gov/cps/aa2022/cpsaat11.htm
Actors,2022,56.0,47.7,0.47700000000000004,71.0,24.3,3.8,11.1,https://www.bls.gov/cps/aa2022/cpsaat11.htm
Producers and directors,2022,185.0,44.2,0.442,82.9,11.6,3.2,9.3,https://www.bls.gov/cps/aa2022/cpsaat11.htm
Coaches and scouts,2022,297.0,46.7,0.467,85.9,8.0,3.3,13.2,https://www.bls.gov/cps/aa2022/cpsaat11.htm
Musicians and singers,2022,165.0,25.7,0.257,78.1,13.6,6.6,8.6,https://www.bls.gov/cps/aa2022/cpsaat11.htm
"News analysts, reporters, and journalists",2022,88.0,48.4,0.484,79.8,13.1,3.0,8.8,https://www.bls.gov/cps/aa2022/cpsaat11.htm
Public relations specialists,2022,120.0,67.0,0.67,81.4,12.2,2.4,11.9,https://www.bls.gov/cps/aa2022/cpsaat11.htm
Editors,2022,104.0,66.0,0.66,91.5,2.6,3.5,3.0,https://www.bls.gov/cps/aa2022/cpsaat11.htm
Technical writers,2022,53.0,65.1,0.6509999999999999,87.6,0.0,9.5,9.2,https://www.bls.gov/cps/aa2022/cpsaat11.htm
Writers and authors,2022,277.0,57.3,0.573,87.7,6.7,4.5,7.3,https://www.bls.gov/cps/aa2022/cpsaat11.htm
Interpreters and translators,2022,94.0,76.9,0.769,69.3,10.3,15.5,35.8,https://www.bls.gov/cps/aa2022/cpsaat11.htm
"Broadcast, sound, and lighting technicians",2022,118.0,6.3,0.063,82.0,8.5,2.3,12.3,https://www.bls.gov/cps/aa2022/cpsaat11.htm
Photographers,2022,210.0,47.8,0.478,83.3,8.4,3.7,15.8,https://www.bls.gov/cps/aa2022/cpsaat11.htm
"Television, video, and film camera operators and editors",2022,111.0,17.3,0.17300000000000001,75.8,8.9,6.2,18.8,https://www.bls.gov/cps/aa2022/cpsaat11.htm
Healthcare practitioners and technical occupations,2022,9808.0,75.7,0.757,74.4,12.9,9.7,9.3,https://www.bls.gov/cps/aa2022/cpsaat11.htm
Chiropractors,2022,57.0,25.5,0.255,80.9,9.0,7.3,1.5,https://www.bls.gov/cps/aa2022/cpsaat11.htm
Dentists,2022,140.0,36.6,0.366,76.9,7.7,14.0,7.1,https://www.bls.gov/cps/aa2022/cpsaat11.htm
Dietitians and nutritionists,2022,141.0,88.0,0.88,74.9,18.1,3.1,9.6,https://www.bls.gov/cps/aa2022/cpsaat11.htm
Pharmacists,2022,375.0,59.6,0.596,68.1,10.6,18.7,6.9,https://www.bls.gov/cps/aa2022/cpsaat11.htm
Other physicians,2022,933.0,43.8,0.43799999999999994,67.0,8.4,22.4,7.2,https://www.bls.gov/cps/aa2022/cpsaat11.htm
Physician assistants,2022,160.0,67.7,0.677,84.1,4.5,8.2,6.1,https://www.bls.gov/cps/aa2022/cpsaat11.htm
Occupational therapists,2022,149.0,85.9,0.8590000000000001,86.2,5.4,8.3,6.1,https://www.bls.gov/cps/aa2022/cpsaat11.htm
Physical therapists,2022,274.0,70.2,0.7020000000000001,82.6,5.9,7.2,4.3,https://www.bls.gov/cps/aa2022/cpsaat11.htm
Respiratory therapists,2022,104.0,60.6,0.606,79.4,12.8,6.6,12.7,https://www.bls.gov/cps/aa2022/cpsaat11.htm
Speech-language pathologists,2022,171.0,97.6,0.976,93.9,4.0,0.5,2.7,https://www.bls.gov/cps/aa2022/cpsaat11.htm
"Therapists, all other",2022,254.0,79.4,0.794,80.7,14.6,2.4,14.0,https://www.bls.gov/cps/aa2022/cpsaat11.htm
Veterinarians,2022,83.0,69.8,0.698,91.4,2.2,4.3,0.5,https://www.bls.gov/cps/aa2022/cpsaat11.htm
Registered nurses,2022,3363.0,87.9,0.879,73.6,14.5,8.9,8.1,https://www.bls.gov/cps/aa2022/cpsaat11.htm
Nurse practitioners,2022,263.0,88.7,0.887,81.9,9.9,6.2,6.7,https://www.bls.gov/cps/aa2022/cpsaat11.htm
Clinical laboratory technologists and technicians,2022,333.0,75.2,0.752,69.0,12.0,14.9,13.5,https://www.bls.gov/cps/aa2022/cpsaat11.htm
Dental hygienists,2022,217.0,96.3,0.963,91.4,2.5,5.6,12.7,https://www.bls.gov/cps/aa2022/cpsaat11.htm
Diagnostic medical sonographers,2022,93.0,75.0,0.75,79.9,4.8,14.7,10.9,https://www.bls.gov/cps/aa2022/cpsaat11.htm
Radiologic technologists and technicians,2022,223.0,71.4,0.7140000000000001,80.0,11.2,5.9,10.5,https://www.bls.gov/cps/aa2022/cpsaat11.htm
Magnetic resonance imaging technologists,2022,52.0,64.6,0.6459999999999999,69.7,14.2,12.1,9.3,https://www.bls.gov/cps/aa2022/cpsaat11.htm
Emergency medical technicians,2022,139.0,38.3,0.38299999999999995,82.4,9.1,5.3,15.6,https://www.bls.gov/cps/aa2022/cpsaat11.htm
Paramedics,2022,107.0,23.6,0.23600000000000002,90.9,1.6,6.7,9.0,https://www.bls.gov/cps/aa2022/cpsaat11.htm
Pharmacy technicians,2022,355.0,82.4,0.8240000000000001,66.1,19.0,10.1,17.3,https://www.bls.gov/cps/aa2022/cpsaat11.htm
Psychiatric technicians,2022,91.0,78.9,0.789,61.0,31.6,4.2,19.8,https://www.bls.gov/cps/aa2022/cpsaat11.htm
Surgical technologists,2022,93.0,83.3,0.833,70.2,22.6,2.1,13.1,https://www.bls.gov/cps/aa2022/cpsaat11.htm
Veterinary technologists and technicians,2022,148.0,88.4,0.884,92.3,1.1,2.0,11.5,https://www.bls.gov/cps/aa2022/cpsaat11.htm
Dietetic technicians and ophthalmic medical technicians,2022,68.0,77.9,0.779,66.5,23.2,3.1,11.8,https://www.bls.gov/cps/aa2022/cpsaat11.htm
Licensed practical and licensed vocational nurses,2022,588.0,88.9,0.889,63.3,29.1,4.9,12.3,https://www.bls.gov/cps/aa2022/cpsaat11.htm
Medical records specialists,2022,193.0,88.2,0.882,74.8,14.9,5.5,10.9,https://www.bls.gov/cps/aa2022/cpsaat11.htm
Miscellaneous health technologists and technicians,2022,146.0,65.8,0.6579999999999999,63.8,22.1,8.9,17.2,https://www.bls.gov/cps/aa2022/cpsaat11.htm
Other healthcare practitioners and technical occupations,2022,91.0,66.8,0.6679999999999999,77.1,8.2,6.2,11.3,https://www.bls.gov/cps/aa2022/cpsaat11.htm
Service occupations,2022,25438.0,57.0,0.57,72.3,16.8,6.1,26.3,https://www.bls.gov/cps/aa2022/cpsaat11.htm
Healthcare support occupations,2022,4930.0,84.6,0.846,62.6,25.8,7.4,21.3,https://www.bls.gov/cps/aa2022/cpsaat11.htm
Home health aides,2022,617.0,86.7,0.867,52.5,32.5,11.1,28.9,https://www.bls.gov/cps/aa2022/cpsaat11.htm
Personal care aides,2022,1407.0,80.2,0.802,60.8,26.2,8.0,21.0,https://www.bls.gov/cps/aa2022/cpsaat11.htm
Nursing assistants,2022,1236.0,90.0,0.9,55.4,36.0,5.6,15.3,https://www.bls.gov/cps/aa2022/cpsaat11.htm
Orderlies and psychiatric aides,2022,59.0,51.8,0.518,56.7,30.0,3.7,18.6,https://www.bls.gov/cps/aa2022/cpsaat11.htm
Physical therapist assistants and aides,2022,77.0,71.7,0.7170000000000001,84.2,5.7,4.7,7.6,https://www.bls.gov/cps/aa2022/cpsaat11.htm
Massage therapists,2022,149.0,80.4,0.804,71.2,8.5,12.2,11.1,https://www.bls.gov/cps/aa2022/cpsaat11.htm
Dental assistants,2022,327.0,94.1,0.941,77.5,9.8,9.0,28.3,https://www.bls.gov/cps/aa2022/cpsaat11.htm
Medical assistants,2022,541.0,89.2,0.892,75.7,15.7,5.6,32.9,https://www.bls.gov/cps/aa2022/cpsaat11.htm
Veterinary assistants and laboratory animal caretakers,2022,67.0,86.4,0.8640000000000001,78.6,12.4,4.0,23.6,https://www.bls.gov/cps/aa2022/cpsaat11.htm
Phlebotomists,2022,114.0,87.9,0.879,59.0,22.0,7.9,20.2,https://www.bls.gov/cps/aa2022/cpsaat11.htm
Other healthcare support workers,2022,228.0,70.1,0.701,67.9,23.8,5.3,15.2,https://www.bls.gov/cps/aa2022/cpsaat11.htm
Protective service occupations,2022,3057.0,23.2,0.23199999999999998,71.7,20.9,2.9,14.7,https://www.bls.gov/cps/aa2022/cpsaat11.htm
First-line supervisors of police and detectives,2022,91.0,15.7,0.157,88.0,4.9,0.4,18.6,https://www.bls.gov/cps/aa2022/cpsaat11.htm
First-line supervisors of firefighting and prevention workers,2022,63.0,9.4,0.094,92.0,8.0,0.0,9.7,https://www.bls.gov/cps/aa2022/cpsaat11.htm
First-line supervisors of security workers,2022,74.0,21.1,0.21100000000000002,69.2,24.5,2.1,11.7,https://www.bls.gov/cps/aa2022/cpsaat11.htm
Firefighters,2022,307.0,6.2,0.062,85.5,9.9,1.5,15.2,https://www.bls.gov/cps/aa2022/cpsaat11.htm
Correctional officers and jailers,2022,285.0,29.9,0.299,63.7,27.3,4.2,12.8,https://www.bls.gov/cps/aa2022/cpsaat11.htm
Detectives and criminal investigators,2022,142.0,27.6,0.276,80.2,12.4,3.2,10.5,https://www.bls.gov/cps/aa2022/cpsaat11.htm
Police officers,2022,746.0,12.7,0.127,78.3,16.7,2.5,13.1,https://www.bls.gov/cps/aa2022/cpsaat11.htm
Private detectives and investigators,2022,105.0,38.5,0.385,83.4,11.0,2.1,13.9,https://www.bls.gov/cps/aa2022/cpsaat11.htm
Security guards and gambling surveillance officers,2022,835.0,24.3,0.243,54.9,34.5,4.5,16.6,https://www.bls.gov/cps/aa2022/cpsaat11.htm
Other protective service workers,2022,147.0,48.9,0.489,89.6,2.0,0.4,16.6,https://www.bls.gov/cps/aa2022/cpsaat11.htm
Food preparation and serving related occupations,2022,7907.0,53.3,0.5329999999999999,73.2,13.9,6.7,28.1,https://www.bls.gov/cps/aa2022/cpsaat11.htm
Chefs and head cooks,2022,465.0,26.9,0.26899999999999996,63.3,15.8,15.7,22.7,https://www.bls.gov/cps/aa2022/cpsaat11.htm
First-line supervisors of food preparation and serving workers,2022,491.0,54.5,0.545,74.3,18.0,4.2,22.9,https://www.bls.gov/cps/aa2022/cpsaat11.htm
Cooks,2022,2012.0,38.4,0.384,69.4,17.7,5.9,36.1,https://www.bls.gov/cps/aa2022/cpsaat11.htm
Food preparation workers,2022,932.0,55.1,0.551,72.1,15.2,5.9,30.3,https://www.bls.gov/cps/aa2022/cpsaat11.htm
Bartenders,2022,457.0,59.0,0.59,82.0,7.7,2.0,21.1,https://www.bls.gov/cps/aa2022/cpsaat11.htm
Fast food and counter workers,2022,784.0,64.2,0.642,70.7,12.7,7.7,21.4,https://www.bls.gov/cps/aa2022/cpsaat11.htm
Waiters and waitresses,2022,1762.0,68.2,0.682,77.9,9.7,8.3,24.5,https://www.bls.gov/cps/aa2022/cpsaat11.htm
"Food servers, nonrestaurant",2022,200.0,71.9,0.7190000000000001,69.9,21.9,6.8,23.5,https://www.bls.gov/cps/aa2022/cpsaat11.htm
Dining room and cafeteria attendants and bartender helpers,2022,269.0,45.4,0.45399999999999996,76.0,10.0,4.7,35.0,https://www.bls.gov/cps/aa2022/cpsaat11.htm
Dishwashers,2022,235.0,20.2,0.20199999999999999,70.9,18.9,3.3,32.8,https://www.bls.gov/cps/aa2022/cpsaat11.htm
"Hosts and hostesses, restaurant, lounge, and coffee shop",2022,293.0,84.0,0.84,81.8,7.2,5.2,27.4,https://www.bls.gov/cps/aa2022/cpsaat11.htm
Building and grounds cleaning and maintenance occupations,2022,5576.0,42.0,0.42,78.7,14.0,3.1,40.4,https://www.bls.gov/cps/aa2022/cpsaat11.htm
First-line supervisors of housekeeping and janitorial workers,2022,314.0,42.5,0.425,76.8,18.6,2.4,28.4,https://www.bls.gov/cps/aa2022/cpsaat11.htm
"First-line supervisors of landscaping, lawn service, and groundskeeping workers",2022,281.0,8.2,0.08199999999999999,83.4,11.9,1.1,29.1,https://www.bls.gov/cps/aa2022/cpsaat11.htm
Janitors and building cleaners,2022,2183.0,40.2,0.402,75.4,17.4,3.2,34.6,https://www.bls.gov/cps/aa2022/cpsaat11.htm
Maids and housekeeping cleaners,2022,1364.0,88.1,0.8809999999999999,75.6,15.7,4.3,51.0,https://www.bls.gov/cps/aa2022/cpsaat11.htm
Pest control workers,2022,100.0,6.0,0.06,87.3,7.7,3.6,23.5,https://www.bls.gov/cps/aa2022/cpsaat11.htm
Landscaping and groundskeeping workers,2022,1213.0,7.2,0.07200000000000001,85.2,7.1,2.3,46.5,https://www.bls.gov/cps/aa2022/cpsaat11.htm
Tree trimmers and pruners,2022,104.0,7.2,0.07200000000000001,96.0,1.7,0.0,35.6,https://www.bls.gov/cps/aa2022/cpsaat11.htm
Personal care and service occupations,2022,3968.0,77.1,0.7709999999999999,73.8,12.2,9.9,18.3,https://www.bls.gov/cps/aa2022/cpsaat11.htm
Supervisors of personal care and service workers,2022,232.0,77.8,0.778,68.7,13.8,14.2,12.0,https://www.bls.gov/cps/aa2022/cpsaat11.htm
Animal trainers,2022,66.0,67.6,0.6759999999999999,93.5,0.0,2.0,5.4,https://www.bls.gov/cps/aa2022/cpsaat11.htm
Animal caretakers,2022,305.0,76.9,0.769,88.1,3.6,3.3,12.8,https://www.bls.gov/cps/aa2022/cpsaat11.htm
Gambling services workers,2022,74.0,41.5,0.415,66.1,8.3,20.6,7.8,https://www.bls.gov/cps/aa2022/cpsaat11.htm
Other entertainment attendants and related workers,2022,237.0,46.2,0.462,79.5,10.3,4.5,19.5,https://www.bls.gov/cps/aa2022/cpsaat11.htm
Barbers,2022,123.0,24.8,0.248,58.4,27.1,9.8,40.4,https://www.bls.gov/cps/aa2022/cpsaat11.htm
"Hairdressers, hairstylists, and cosmetologists",2022,720.0,93.1,0.9309999999999999,78.6,13.7,6.0,18.8,https://www.bls.gov/cps/aa2022/cpsaat11.htm
Manicurists and pedicurists,2022,295.0,85.1,0.851,24.5,7.6,65.4,15.2,https://www.bls.gov/cps/aa2022/cpsaat11.htm
Skincare specialists,2022,96.0,98.7,0.987,78.8,4.4,7.5,21.5,https://www.bls.gov/cps/aa2022/cpsaat11.htm
"Baggage porters, bellhops, and concierges",2022,78.0,35.7,0.35700000000000004,71.7,20.0,6.9,16.1,https://www.bls.gov/cps/aa2022/cpsaat11.htm
Tour and travel guides,2022,58.0,47.9,0.479,84.9,6.3,4.1,5.9,https://www.bls.gov/cps/aa2022/cpsaat11.htm
Childcare workers,2022,1007.0,94.3,0.943,77.6,13.5,3.7,23.9,https://www.bls.gov/cps/aa2022/cpsaat11.htm
Exercise trainers and group fitness instructors,2022,234.0,62.9,0.629,81.8,11.1,3.5,12.8,https://www.bls.gov/cps/aa2022/cpsaat11.htm
Recreation workers,2022,158.0,61.2,0.612,79.5,15.1,1.8,11.8,https://www.bls.gov/cps/aa2022/cpsaat11.htm
"Personal care and service workers, all other",2022,122.0,64.7,0.647,85.1,7.6,4.0,19.9,https://www.bls.gov/cps/aa2022/cpsaat11.htm
Sales and office occupations,2022,30412.0,61.3,0.613,77.7,13.1,5.4,17.8,https://www.bls.gov/cps/aa2022/cpsaat11.htm
Sales and related occupations,2022,14316.0,49.4,0.494,79.6,11.0,5.7,17.4,https://www.bls.gov/cps/aa2022/cpsaat11.htm
First-line supervisors of retail sales workers,2022,3081.0,45.2,0.452,78.5,10.8,6.7,15.9,https://www.bls.gov/cps/aa2022/cpsaat11.htm
First-line supervisors of non-retail sales workers,2022,1203.0,35.2,0.35200000000000004,82.5,7.7,6.5,15.5,https://www.bls.gov/cps/aa2022/cpsaat11.htm
Cashiers,2022,2712.0,71.8,0.718,71.9,16.2,6.6,24.4,https://www.bls.gov/cps/aa2022/cpsaat11.htm
Counter and rental clerks,2022,83.0,40.8,0.408,88.1,8.0,1.6,23.8,https://www.bls.gov/cps/aa2022/cpsaat11.htm
Parts salespersons,2022,108.0,16.9,0.16899999999999998,93.9,3.0,0.5,19.7,https://www.bls.gov/cps/aa2022/cpsaat11.htm
Retail salespersons,2022,2582.0,49.4,0.494,79.6,12.1,4.6,18.8,https://www.bls.gov/cps/aa2022/cpsaat11.htm
Advertising sales agents,2022,130.0,52.1,0.521,85.6,7.8,5.4,9.9,https://www.bls.gov/cps/aa2022/cpsaat11.htm
Insurance sales agents,2022,614.0,49.2,0.49200000000000005,78.2,13.5,4.3,16.8,https://www.bls.gov/cps/aa2022/cpsaat11.htm
"Securities, commodities, and financial services sales agents",2022,226.0,30.3,0.303,83.8,6.5,9.1,9.3,https://www.bls.gov/cps/aa2022/cpsaat11.htm
Travel agents,2022,71.0,81.9,0.8190000000000001,78.1,14.7,6.7,6.9,https://www.bls.gov/cps/aa2022/cpsaat11.htm
"Sales representatives of services, except advertising, insurance, financial services, and travel",2022,615.0,29.0,0.29,86.3,6.2,4.5,10.8,https://www.bls.gov/cps/aa2022/cpsaat11.htm
"Sales representatives, wholesale and manufacturing",2022,1155.0,28.7,0.287,87.5,6.3,4.3,13.5,https://www.bls.gov/cps/aa2022/cpsaat11.htm
Real estate brokers and sales agents,2022,1182.0,56.9,0.569,82.4,8.4,5.7,13.5,https://www.bls.gov/cps/aa2022/cpsaat11.htm
Sales engineers,2022,51.0,8.1,0.081,85.2,0.2,13.1,5.4,https://www.bls.gov/cps/aa2022/cpsaat11.htm
"Door-to-door sales workers, news and street vendors, and related workers",2022,73.0,57.4,0.574,87.0,5.9,2.0,26.0,https://www.bls.gov/cps/aa2022/cpsaat11.htm
"Sales and related workers, all other",2022,369.0,59.2,0.5920000000000001,81.5,10.2,4.8,18.7,https://www.bls.gov/cps/aa2022/cpsaat11.htm
Office and administrative support occupations,2022,16096.0,71.9,0.7190000000000001,76.0,15.0,5.1,18.2,https://www.bls.gov/cps/aa2022/cpsaat11.htm
First-line supervisors of office and administrative support workers,2022,1199.0,67.9,0.679,80.5,12.3,3.9,15.5,https://www.bls.gov/cps/aa2022/cpsaat11.htm
Bill and account collectors,2022,103.0,68.8,0.688,75.0,20.6,3.6,9.3,https://www.bls.gov/cps/aa2022/cpsaat11.htm
Billing and posting clerks,2022,463.0,87.6,0.8759999999999999,77.0,14.8,4.4,17.3,https://www.bls.gov/cps/aa2022/cpsaat11.htm
"Bookkeeping, accounting, and auditing clerks",2022,1132.0,85.0,0.85,82.5,8.7,5.7,14.9,https://www.bls.gov/cps/aa2022/cpsaat11.htm
Payroll and timekeeping clerks,2022,126.0,92.4,0.924,80.0,11.2,5.0,24.6,https://www.bls.gov/cps/aa2022/cpsaat11.htm
Tellers,2022,218.0,83.1,0.831,79.8,9.4,6.2,21.3,https://www.bls.gov/cps/aa2022/cpsaat11.htm
"Financial clerks, all other",2022,128.0,52.0,0.52,76.8,13.2,7.0,14.8,https://www.bls.gov/cps/aa2022/cpsaat11.htm
"Court, municipal, and license clerks",2022,84.0,83.8,0.838,71.3,24.8,0.4,13.7,https://www.bls.gov/cps/aa2022/cpsaat11.htm
Customer service representatives,2022,2714.0,64.8,0.648,73.0,17.6,5.5,19.7,https://www.bls.gov/cps/aa2022/cpsaat11.htm
"Eligibility interviewers, government programs",2022,80.0,75.0,0.75,61.1,24.6,6.2,22.6,https://www.bls.gov/cps/aa2022/cpsaat11.htm
File Clerks,2022,127.0,78.6,0.7859999999999999,73.9,15.0,4.1,17.4,https://www.bls.gov/cps/aa2022/cpsaat11.htm
"Hotel, motel, and resort desk clerks",2022,132.0,66.5,0.665,64.8,15.3,8.8,24.5,https://www.bls.gov/cps/aa2022/cpsaat11.htm
"Interviewers, except eligibility and loan",2022,171.0,78.0,0.78,70.4,18.7,4.0,19.3,https://www.bls.gov/cps/aa2022/cpsaat11.htm
"Library assistants, clerical",2022,76.0,78.5,0.785,77.0,7.9,14.5,8.6,https://www.bls.gov/cps/aa2022/cpsaat11.htm
Loan interviewers and clerks,2022,169.0,68.8,0.688,83.6,11.9,2.7,15.6,https://www.bls.gov/cps/aa2022/cpsaat11.htm
Order clerks,2022,124.0,54.2,0.542,68.5,14.5,12.7,18.0,https://www.bls.gov/cps/aa2022/cpsaat11.htm
"Human resources assistants, except payroll and timekeeping",2022,89.0,89.1,0.8909999999999999,70.6,17.9,7.2,7.0,https://www.bls.gov/cps/aa2022/cpsaat11.htm
Receptionists and information clerks,2022,1171.0,90.3,0.903,76.8,15.5,3.9,21.6,https://www.bls.gov/cps/aa2022/cpsaat11.htm
Reservation and transportation ticket agents and travel clerks,2022,112.0,43.1,0.431,66.9,20.4,8.4,21.5,https://www.bls.gov/cps/aa2022/cpsaat11.htm
"Information and record clerks, all other",2022,93.0,74.5,0.745,72.4,17.1,7.6,18.0,https://www.bls.gov/cps/aa2022/cpsaat11.htm
Couriers and messengers,2022,936.0,26.5,0.265,69.8,21.6,4.4,23.6,https://www.bls.gov/cps/aa2022/cpsaat11.htm
Public safety telecommunicators,2022,82.0,82.5,0.825,72.3,18.4,3.1,11.1,https://www.bls.gov/cps/aa2022/cpsaat11.htm
"Dispatchers, except police, fire, and ambulance",2022,181.0,58.9,0.589,78.0,17.8,2.0,22.7,https://www.bls.gov/cps/aa2022/cpsaat11.htm
Postal service clerks,2022,107.0,56.1,0.561,51.7,40.4,5.3,11.6,https://www.bls.gov/cps/aa2022/cpsaat11.htm
Postal service mail carriers,2022,280.0,41.5,0.415,69.0,22.4,6.5,11.6,https://www.bls.gov/cps/aa2022/cpsaat11.htm
"Postal service mail sorters, processors, and processing machine operators",2022,59.0,56.6,0.5660000000000001,43.2,38.5,14.6,8.2,https://www.bls.gov/cps/aa2022/cpsaat11.htm
"Production, planning, and expediting clerks",2022,212.0,48.9,0.489,76.3,11.3,7.8,11.3,https://www.bls.gov/cps/aa2022/cpsaat11.htm
"Shipping, receiving, and inventory clerks",2022,645.0,37.1,0.371,75.9,13.3,7.5,28.8,https://www.bls.gov/cps/aa2022/cpsaat11.htm
"Weighers, measurers, checkers, and samplers, recordkeeping",2022,59.0,42.5,0.425,80.7,12.8,3.3,23.8,https://www.bls.gov/cps/aa2022/cpsaat11.htm
Executive secretaries and executive administrative assistants,2022,244.0,94.8,0.948,79.4,10.5,5.9,15.7,https://www.bls.gov/cps/aa2022/cpsaat11.htm
Medical secretaries and administrative assistants,2022,74.0,97.3,0.973,65.3,21.8,4.5,12.5,https://www.bls.gov/cps/aa2022/cpsaat11.htm
"Secretaries and administrative assistants, except legal, medical, and executive",2022,1915.0,92.5,0.925,83.3,9.5,3.5,14.6,https://www.bls.gov/cps/aa2022/cpsaat11.htm
Data entry keyers,2022,237.0,69.8,0.698,72.6,15.8,6.1,11.7,https://www.bls.gov/cps/aa2022/cpsaat11.htm
Insurance claims and policy processing clerks,2022,314.0,84.7,0.847,67.5,25.8,3.5,17.6,https://www.bls.gov/cps/aa2022/cpsaat11.htm
"Mail clerks and mail machine operators, except postal service",2022,53.0,41.5,0.415,66.4,23.2,8.8,23.3,https://www.bls.gov/cps/aa2022/cpsaat11.htm
"Office clerks, general",2022,1256.0,84.3,0.843,76.5,14.0,5.6,20.0,https://www.bls.gov/cps/aa2022/cpsaat11.htm
"Office and administrative support workers, all other",2022,582.0,72.4,0.7240000000000001,76.7,14.2,4.6,17.9,https://www.bls.gov/cps/aa2022/cpsaat11.htm
"Natural resources, construction, and maintenance occupations",2022,14260.0,5.7,0.057,86.7,7.4,1.9,34.2,https://www.bls.gov/cps/aa2022/cpsaat11.htm
"Farming, fishing, and forestry occupations",2022,980.0,26.2,0.262,89.2,4.6,1.8,44.7,https://www.bls.gov/cps/aa2022/cpsaat11.htm
"First-line supervisors of farming, fishing, and forestry workers",2022,52.0,16.9,0.16899999999999998,92.5,5.1,1.1,29.2,https://www.bls.gov/cps/aa2022/cpsaat11.htm
Miscellaneous agricultural workers,2022,753.0,26.5,0.265,89.4,4.7,1.5,49.3,https://www.bls.gov/cps/aa2022/cpsaat11.htm
Logging workers,2022,57.0,6.5,0.065,89.8,4.2,0.0,6.3,https://www.bls.gov/cps/aa2022/cpsaat11.htm
Construction and extraction occupations,2022,8427.0,4.2,0.042,87.1,7.1,1.6,40.3,https://www.bls.gov/cps/aa2022/cpsaat11.htm
First-line supervisors of construction trades and extraction workers,2022,661.0,4.3,0.043,91.1,4.1,1.6,25.6,https://www.bls.gov/cps/aa2022/cpsaat11.htm
"Brickmasons, blockmasons, and stonemasons",2022,119.0,3.0,0.03,87.0,8.7,1.3,46.9,https://www.bls.gov/cps/aa2022/cpsaat11.htm
Carpenters,2022,1282.0,3.5,0.035,88.6,5.5,1.9,41.8,https://www.bls.gov/cps/aa2022/cpsaat11.htm
"Carpet, floor, and tile installers and finishers",2022,147.0,7.5,0.075,83.9,7.5,3.2,55.7,https://www.bls.gov/cps/aa2022/cpsaat11.htm
"Cement masons, concrete finishers, and terrazzo workers",2022,70.0,1.0,0.01,87.6,7.6,0.0,52.5,https://www.bls.gov/cps/aa2022/cpsaat11.htm
Construction laborers,2022,2227.0,4.9,0.049,84.9,8.4,1.9,50.7,https://www.bls.gov/cps/aa2022/cpsaat11.htm
Construction equipment operators,2022,369.0,1.7,0.017,88.9,5.4,0.7,18.9,https://www.bls.gov/cps/aa2022/cpsaat11.htm
"Drywall installers, ceiling tile installers, and tapers",2022,161.0,2.8,0.027999999999999997,92.8,0.8,2.2,70.3,https://www.bls.gov/cps/aa2022/cpsaat11.htm
Electricians,2022,918.0,2.2,0.022000000000000002,88.5,7.3,2.0,24.9,https://www.bls.gov/cps/aa2022/cpsaat11.htm
Insulation workers,2022,52.0,5.9,0.059000000000000004,82.5,15.8,0.0,44.0,https://www.bls.gov/cps/aa2022/cpsaat11.htm
Painters and paperhangers,2022,644.0,10.5,0.105,89.8,6.8,0.7,59.1,https://www.bls.gov/cps/aa2022/cpsaat11.htm
Pipelayers,2022,52.0,2.4,0.024,97.0,2.3,0.0,60.2,https://www.bls.gov/cps/aa2022/cpsaat11.htm
"Plumbers, pipefitters, and steamfitters",2022,610.0,1.1,0.011000000000000001,83.3,8.9,2.2,28.2,https://www.bls.gov/cps/aa2022/cpsaat11.htm
Roofers,2022,208.0,5.0,0.05,87.7,6.9,0.0,66.5,https://www.bls.gov/cps/aa2022/cpsaat11.htm
Sheet metal workers,2022,131.0,5.1,0.051,85.1,7.0,1.1,21.8,https://www.bls.gov/cps/aa2022/cpsaat11.htm
Structural iron and steel workers,2022,66.0,1.1,0.011000000000000001,73.3,16.5,0.0,16.1,https://www.bls.gov/cps/aa2022/cpsaat11.htm
"Helpers, construction trades",2022,54.0,5.4,0.054000000000000006,88.5,3.2,1.0,48.4,https://www.bls.gov/cps/aa2022/cpsaat11.htm
Construction and building inspectors,2022,113.0,11.8,0.11800000000000001,85.0,9.7,4.8,12.9,https://www.bls.gov/cps/aa2022/cpsaat11.htm
Highway maintenance workers,2022,108.0,3.9,0.039,83.4,12.9,0.0,18.1,https://www.bls.gov/cps/aa2022/cpsaat11.htm
Other extraction workers,2022,50.0,2.5,0.025,86.1,5.0,0.0,28.6,https://www.bls.gov/cps/aa2022/cpsaat11.htm
"Installation, maintenance, and repair occupations",2022,4853.0,4.2,0.042,85.7,8.5,2.4,21.6,https://www.bls.gov/cps/aa2022/cpsaat11.htm
"First-line supervisors of mechanics, installers, and repairers",2022,245.0,5.3,0.053,87.6,5.4,2.0,12.0,https://www.bls.gov/cps/aa2022/cpsaat11.htm
"Computer, automated teller, and office machine repairers",2022,177.0,10.4,0.10400000000000001,73.2,16.3,6.3,15.1,https://www.bls.gov/cps/aa2022/cpsaat11.htm
Radio and telecommunications equipment installers and repairers,2022,112.0,13.8,0.138,82.4,10.7,3.0,26.0,https://www.bls.gov/cps/aa2022/cpsaat11.htm
Security and fire alarm systems installers,2022,67.0,5.7,0.057,87.3,8.6,3.1,30.4,https://www.bls.gov/cps/aa2022/cpsaat11.htm
Aircraft mechanics and service technicians,2022,149.0,4.6,0.046,85.5,7.1,6.4,19.3,https://www.bls.gov/cps/aa2022/cpsaat11.htm
Automotive body and related repairers,2022,151.0,3.7,0.037000000000000005,90.6,3.6,3.5,28.9,https://www.bls.gov/cps/aa2022/cpsaat11.htm
Automotive service technicians and mechanics,2022,926.0,2.9,0.028999999999999998,84.6,8.6,2.7,28.2,https://www.bls.gov/cps/aa2022/cpsaat11.htm
Bus and truck mechanics and diesel engine specialists,2022,347.0,1.2,0.012,85.3,7.6,1.8,21.5,https://www.bls.gov/cps/aa2022/cpsaat11.htm
Heavy vehicle and mobile equipment service technicians and mechanics,2022,224.0,1.2,0.012,92.5,4.2,0.2,17.7,https://www.bls.gov/cps/aa2022/cpsaat11.htm
Small engine mechanics,2022,51.0,2.2,0.022000000000000002,88.8,7.9,2.0,6.6,https://www.bls.gov/cps/aa2022/cpsaat11.htm
"Miscellaneous vehicle and mobile equipment mechanics, installers, and repairers",2022,81.0,4.5,0.045,89.9,5.4,1.7,21.0,https://www.bls.gov/cps/aa2022/cpsaat11.htm
"Heating, air conditioning, and refrigeration mechanics and installers",2022,472.0,2.3,0.023,86.0,10.2,1.6,22.4,https://www.bls.gov/cps/aa2022/cpsaat11.htm
Industrial and refractory machinery mechanics,2022,401.0,3.1,0.031,86.6,8.9,2.4,17.3,https://www.bls.gov/cps/aa2022/cpsaat11.htm
"Maintenance and repair workers, general",2022,646.0,5.4,0.054000000000000006,82.1,11.7,2.8,23.0,https://www.bls.gov/cps/aa2022/cpsaat11.htm
Electrical power-line installers and repairers,2022,119.0,1.5,0.015,89.9,5.2,0.9,12.1,https://www.bls.gov/cps/aa2022/cpsaat11.htm
Telecommunications line installers and repairers,2022,134.0,4.9,0.049,86.8,8.4,0.9,22.5,https://www.bls.gov/cps/aa2022/cpsaat11.htm
Precision instrument and equipment repairers,2022,53.0,10.9,0.109,85.6,9.4,4.0,16.6,https://www.bls.gov/cps/aa2022/cpsaat11.htm
"Other installation, maintenance, and repair workers",2022,173.0,7.7,0.077,89.6,3.5,1.5,21.8,https://www.bls.gov/cps/aa2022/cpsaat11.htm
"Production, transportation, and material moving occupations",2022,20082.0,25.1,0.251,72.7,18.2,5.0,24.3,https://www.bls.gov/cps/aa2022/cpsaat11.htm
Production occupations,2022,8256.0,29.8,0.298,75.3,15.0,5.9,24.3,https://www.bls.gov/cps/aa2022/cpsaat11.htm
First-line supervisors of production and operating workers,2022,799.0,22.7,0.22699999999999998,76.6,14.9,5.3,18.3,https://www.bls.gov/cps/aa2022/cpsaat11.htm
"Electrical, electronics, and electromechanical assemblers",2022,102.0,49.3,0.493,67.5,13.5,18.7,25.1,https://www.bls.gov/cps/aa2022/cpsaat11.htm
Other assemblers and fabricators,2022,1047.0,37.5,0.375,66.0,21.5,7.7,23.9,https://www.bls.gov/cps/aa2022/cpsaat11.htm
Bakers,2022,230.0,63.6,0.636,77.5,10.0,8.5,31.7,https://www.bls.gov/cps/aa2022/cpsaat11.htm
"Butchers and other meat, poultry, and fish processing workers",2022,252.0,25.4,0.254,70.7,18.3,7.5,33.2,https://www.bls.gov/cps/aa2022/cpsaat11.htm
Food batchmakers,2022,94.0,58.1,0.581,77.6,12.7,5.1,24.7,https://www.bls.gov/cps/aa2022/cpsaat11.htm
"Food processing workers, all other",2022,142.0,36.4,0.364,66.6,17.4,6.2,38.6,https://www.bls.gov/cps/aa2022/cpsaat11.htm
Computer numerically controlled tool operators and programmers,2022,78.0,10.3,0.10300000000000001,80.0,9.9,6.9,22.4,https://www.bls.gov/cps/aa2022/cpsaat11.htm
"Cutting, punching, and press machine setters, operators, and tenders, metal and plastic",2022,60.0,13.7,0.13699999999999998,82.1,13.4,0.0,17.8,https://www.bls.gov/cps/aa2022/cpsaat11.htm
Machinists,2022,313.0,6.8,0.068,88.2,5.7,3.5,13.0,https://www.bls.gov/cps/aa2022/cpsaat11.htm
"Welding, soldering, and brazing workers",2022,550.0,5.1,0.051,82.7,10.2,2.9,25.5,https://www.bls.gov/cps/aa2022/cpsaat11.htm
Other metal workers and plastic workers,2022,387.0,20.3,0.203,71.0,16.1,8.6,22.2,https://www.bls.gov/cps/aa2022/cpsaat11.htm
Printing press operators,2022,151.0,29.0,0.29,76.3,13.2,5.5,21.6,https://www.bls.gov/cps/aa2022/cpsaat11.htm
Laundry and dry-cleaning workers,2022,115.0,70.5,0.705,68.9,20.4,10.0,37.2,https://www.bls.gov/cps/aa2022/cpsaat11.htm
Sewing machine operators,2022,131.0,69.9,0.6990000000000001,73.6,14.0,7.7,32.4,https://www.bls.gov/cps/aa2022/cpsaat11.htm
"Tailors, dressmakers, and sewers",2022,58.0,78.2,0.782,72.8,6.6,18.0,19.4,https://www.bls.gov/cps/aa2022/cpsaat11.htm
Cabinetmakers and bench carpenters,2022,71.0,10.3,0.10300000000000001,97.3,2.2,0.0,30.6,https://www.bls.gov/cps/aa2022/cpsaat11.htm
Stationary engineers and boiler operators,2022,85.0,3.3,0.033,77.9,12.4,6.5,13.8,https://www.bls.gov/cps/aa2022/cpsaat11.htm
Water and wastewater treatment plant and system operators,2022,93.0,6.7,0.067,88.1,8.8,0.6,11.0,https://www.bls.gov/cps/aa2022/cpsaat11.htm
"Chemical processing machine setters, operators, and tenders",2022,73.0,9.7,0.09699999999999999,79.6,12.6,3.0,18.0,https://www.bls.gov/cps/aa2022/cpsaat11.htm
"Crushing, grinding, polishing, mixing, and blending workers",2022,76.0,10.5,0.105,81.3,9.2,3.2,28.7,https://www.bls.gov/cps/aa2022/cpsaat11.htm
Cutting workers,2022,57.0,28.0,0.28,67.8,24.3,3.7,22.5,https://www.bls.gov/cps/aa2022/cpsaat11.htm
"Inspectors, testers, sorters, samplers, and weighers",2022,781.0,38.6,0.386,74.4,13.7,8.0,18.8,https://www.bls.gov/cps/aa2022/cpsaat11.htm
Jewelers and precious stone and metal workers,2022,65.0,47.2,0.47200000000000003,76.4,3.8,12.6,23.8,https://www.bls.gov/cps/aa2022/cpsaat11.htm
Dental and ophthalmic laboratory technicians and medical appliance technicians,2022,95.0,43.3,0.433,77.9,12.0,9.2,23.3,https://www.bls.gov/cps/aa2022/cpsaat11.htm
Packaging and filling machine operators and tenders,2022,304.0,52.5,0.525,66.8,23.8,4.7,41.6,https://www.bls.gov/cps/aa2022/cpsaat11.htm
Painting workers,2022,173.0,14.5,0.145,84.0,10.2,0.9,40.0,https://www.bls.gov/cps/aa2022/cpsaat11.htm
Helpers--production workers,2022,65.0,31.0,0.31,70.2,16.5,4.8,25.9,https://www.bls.gov/cps/aa2022/cpsaat11.htm
Other production workers,2022,1246.0,29.0,0.29,74.5,18.5,4.1,25.3,https://www.bls.gov/cps/aa2022/cpsaat11.htm
Transportation and material moving occupations,2022,11826.0,21.8,0.218,70.9,20.3,4.4,24.3,https://www.bls.gov/cps/aa2022/cpsaat11.htm
Supervisors of transportation and material moving workers,2022,312.0,24.2,0.242,72.8,14.8,5.8,19.9,https://www.bls.gov/cps/aa2022/cpsaat11.htm
Aircraft pilots and flight engineers,2022,187.0,9.2,0.092,95.7,2.6,1.6,9.7,https://www.bls.gov/cps/aa2022/cpsaat11.htm
Flight attendants,2022,116.0,69.9,0.6990000000000001,78.4,11.1,6.5,12.5,https://www.bls.gov/cps/aa2022/cpsaat11.htm
"Bus drivers, school",2022,250.0,52.0,0.52,74.7,19.9,3.3,14.4,https://www.bls.gov/cps/aa2022/cpsaat11.htm
"Bus drivers, transit and intercity",2022,245.0,39.7,0.397,57.5,36.6,2.9,12.2,https://www.bls.gov/cps/aa2022/cpsaat11.htm
Driver/sales workers and truck drivers,2022,3539.0,8.1,0.081,74.1,18.3,4.0,23.3,https://www.bls.gov/cps/aa2022/cpsaat11.htm
Shuttle drivers and chauffeurs,2022,59.0,16.2,0.162,60.6,26.1,2.6,26.0,https://www.bls.gov/cps/aa2022/cpsaat11.htm
Taxi drivers,2022,455.0,13.0,0.13,50.0,26.3,20.0,23.0,https://www.bls.gov/cps/aa2022/cpsaat11.htm
"Motor vehicle operators, all other",2022,193.0,28.5,0.285,62.1,28.2,4.9,18.8,https://www.bls.gov/cps/aa2022/cpsaat11.htm
Locomotive engineers and operators,2022,52.0,3.8,0.038,71.0,17.2,3.5,3.2,https://www.bls.gov/cps/aa2022/cpsaat11.htm
Parking attendants,2022,68.0,14.6,0.146,63.2,26.2,9.3,30.1,https://www.bls.gov/cps/aa2022/cpsaat11.htm
Transportation service attendants,2022,91.0,17.5,0.175,69.2,12.9,6.7,15.5,https://www.bls.gov/cps/aa2022/cpsaat11.htm
Crane and tower operators,2022,60.0,0.7,0.006999999999999999,91.4,7.0,0.5,13.5,https://www.bls.gov/cps/aa2022/cpsaat11.htm
Industrial truck and tractor operators,2022,636.0,10.5,0.105,68.7,24.9,1.4,31.9,https://www.bls.gov/cps/aa2022/cpsaat11.htm
Cleaners of vehicles and equipment,2022,350.0,18.9,0.18899999999999997,73.5,19.5,2.4,36.4,https://www.bls.gov/cps/aa2022/cpsaat11.htm
"Laborers and freight, stock, and material movers, hand",2022,2244.0,22.4,0.22399999999999998,70.5,21.5,3.0,27.0,https://www.bls.gov/cps/aa2022/cpsaat11.htm
"Packers and packagers, hand",2022,719.0,52.9,0.529,68.8,21.8,4.8,37.9,https://www.bls.gov/cps/aa2022/cpsaat11.htm
Stockers and order fillers,2022,1722.0,37.5,0.375,70.0,20.3,4.8,22.6,https://www.bls.gov/cps/aa2022/cpsaat11.htm
Refuse and recyclable material collectors,2022,112.0,10.6,0.106,69.6,25.8,1.6,26.7,https://www.bls.gov/cps/aa2022/cpsaat11.htm
Other material moving workers,2022,55.0,17.4,0.174,67.1,23.8,2.4,23.8,https://www.bls.gov/cps/aa2022/cpsaat11.htm
